EDO,MUN,NOMBRE_MUNICIPIO
20,246,SAN MATEO CAJONOS
16,93,TIQUICHEO DE NICOLAS ROMERO
16,94,TLALPUJAHUA
16,95,TLAZAZALCA
16,103,URUAPAN
16,67,PATZCUARO
16,21,CHARAPAN
16,76,LOS REYES
16,71,PUREPERO
17,18,TEMIXCO
17,3,AXOCHIAPAN
20,161,SAN JERONIMO TLACOCHAHUAYA
12,40,JUAN R. ESCUDERO
21,12,ALJOJUCA
21,148,SANTA ISABEL CHOLULA
21,13,ALTEPEXI
21,28,CAMOCUAUTLA
21,30,CAXHUACAN
21,211,ZARAGOZA
21,98,MAZAPILTEPEC DE JUAREZ
21,118,RAFAEL LARA GRAJALES
21,215,ZONGOZOTLA
21,210,ZAPOTITLAN DE MENDEZ
21,78,HUEYTAMALCO
21,126,SAN GREGORIO ATZOMPA
21,119,LOS REYES DE JUAREZ
21,20,ATOYATEMPAN
21,61,DOMINGO ARENAS
21,97,LA MAGDALENA TLATLAUQUITEPEC
21,132,SAN JUAN ATZOMPA
21,137,SAN MIGUEL XOXTLA
21,103,NEALTICAN
21,181,TLALTENANGO
21,127,SAN JERONIMO TECUANIPAN
21,56,CHILA
21,209,ZAPOTITLAN
21,37,COYOMEAPAN
21,125,SAN GABRIEL CHILAC
21,121,SAN ANTONIO CAÐADA
21,143,SAN SALVADOR EL SECO
21,53,CHIGMECATITLAN
21,150,SANTO TOMAS HUEYOTLIPAN
21,189,TOCHTEPEC
21,10,AJALPAN
21,217,ZOQUITLAN
21,7,AHUATLAN
21,32,COATZINGO
21,151,SOLTEPEC
21,93,JUAN GALINDO
21,146,SANTA CATARINA TLALTEMPAN
21,134,SAN MARTIN TOTOLTEPEC
21,165,TEPEOJUMA
21,35,CORONANGO
16,58,NOCUPETARO
16,59,NUEVO PARANGARICUTIRO
16,60,NUEVO URECHO
16,61,NUMARAN
17,21,TETECALA
31,28,DZILAM DE BRAVO
30,59,CHICONQUIACO
8,47,MORIS
8,48,NAMIQUIPA
8,49,NONOAVA
31,35,HOCTUN
32,13,GENERAL ENRIQUE ESTRADA
5,13,HIDALGO
31,72,SUMA
31,9,CANSAHCAB
31,78,TEKANTO
31,5,BOKOBA
8,7,BALLEZA
8,8,BATOPILAS
8,9,BOCOYNA
8,10,BUENAVENTURA
31,7,CACALCHEN
31,4,BACA
7,78,SAN FERNANDO
21,102,NAUZONTLA
21,82,ATLEQUIZAYAN
21,31,COATEPEC
21,216,ZOQUIAPAN
21,81,HUITZILTEPEC
21,58,HONEY
10,34,SUCHIL
10,5,DURANGO
10,36,TEPEHUANES
20,387,SANTA CRUZ ZENZONTEPEC
11,34,SANTA CATARINA
11,40,TIERRA BLANCA
11,28,SALVATIERRA
11,7,CELAYA
11,26,ROMITA
11,39,TARIMORO
13,76,TULANCINGO DE BRAVO
12,76,ACATEPEC
12,10,ATLIXTAC
12,47,OMETEPEC
13,29,HUICHAPAN
13,30,IXMIQUILPAN
12,51,PUNGARABATO
14,124,ZAPOTLANEJO
14,68,PONCITLAN
14,123,ZAPOTLAN DEL REY
12,13,AZOYU
14,104,TONILA
14,92,TEOCALTICHE
14,75,SAN JUAN DE LOS LAGOS
13,13,CALNALI
13,14,CARDONAL
13,15,CUAUTEPEC DE HINOJOSA
14,14,ATOYAC
14,93,TEOCUITATLAN DE CORONA
14,108,TUXCUECA
14,84,TALA
14,77,SAN MARCOS
14,37,ETZATLAN
14,6,AMECA
14,96,TEUCHITLAN
14,21,CASIMIRO CASTILLO
14,28,CUAUTITLAN DE GARCIA BARRAGAN
14,15,AUTLAN DE NAVARRO
14,17,AYUTLA
14,29,CUAUTLA
14,47,IXTLAHUACAN DEL RIO
14,31,CHAPALA
14,65,OCOTLAN
14,106,TOTOTLAN
14,57,MAGDALENA
14,7,SAN JUANITO DE ESCOBEDO
14,112,VALLE DE GUADALUPE
14,118,YAHUALICA DE GONZALEZ GALLO
14,117,CAÐADAS DE OBREGON
14,74,SAN DIEGO DE ALEJANDRIA
14,64,MIXTLAN
14,101,TOMATLAN
14,60,MASCOTA
14,85,TALPA DE ALLENDE
14,69,PUERTO VALLARTA
15,89,TENANCINGO
15,21,COATEPEC HARINAS
15,119,ZINACANTEPEC
31,106,YOBAIN
31,13,CONKAL
15,61,NICOLAS ROMERO
15,25,CUAUTITLAN IZCALLI
5,2,ACUÐA
5,14,JIMENEZ
5,31,SAN BUENAVENTURA
5,24,PARRAS
5,38,ZARAGOZA
20,552,TLALIXTAC DE CABRERA
31,68,SINANCHE
5,30,SALTILLO
5,23,OCAMPO
5,34,SIERRA MOJADA
5,36,VIESCA
8,46,MORELOS
31,20,CHICXULUB PUEBLO
5,17,MATAMOROS
5,25,PIEDRAS NEGRAS
5,9,FRANCISCO I. MADERO
5,27,RAMOS ARIZPE
5,35,TORREON
7,100,TUMBALA
7,102,TUXTLA GUTIERREZ
7,103,TUZANTAN
7,107,VILLACOMALTITLAN
7,25,CHAPULTENANGO
7,7,AMATENANGO DEL VALLE
7,43,IXTACOMITAN
7,44,IXTAPA
7,45,IXTAPANGAJOYA
7,46,JIQUIPILAS
7,48,JUAREZ
7,50,LA LIBERTAD
7,53,MAZAPA DE MADERO
7,29,CHICOASEN
7,30,CHICOMUSELO
7,33,FRANCISCO LEON
7,34,FRONTERA COMALAPA
7,13,BOCHIL
7,5,AMATAN
7,6,AMATENANGO DE LA FRONTERA
32,41,EL SALVADOR
7,56,MITONTIC
7,39,HUIXTAN
7,41,LA INDEPENDENCIA
7,42,IXHUATAN
8,37,JUAREZ
8,15,COYAME DEL SOTOL
28,6,BUSTAMANTE
28,31,PALMILLAS
8,56,ROSARIO
8,57,SAN FRANCISCO DE BORJA
8,58,SAN FRANCISCO DE CONCHOS
8,59,SAN FRANCISCO DEL ORO
8,60,SANTA BARBARA
8,61,SATEVO
8,62,SAUCILLO
8,63,TEMOSACHIC
8,64,EL TULE
8,65,URIQUE
8,66,URUACHI
8,67,VALLE DE ZARAGOZA
11,42,VALLE DE SANTIAGO
12,4,ALCOZAUCA DE GUERRERO
12,5,ALPOYECA
12,7,ARCELIA
12,8,ATENANGO DEL RIO
12,9,ATLAMAJALCINGO DEL MONTE
12,11,ATOYAC DE ALVAREZ
12,12,AYUTLA DE LOS LIBRES
12,14,BENITO JUAREZ
12,2,AHUACUOTZINGO
12,3,AJUCHITLAN DEL PROGRESO
7,59,OCOSINGO
7,115,MARQUES DE COMILLAS
7,106,VENUSTIANO CARRANZA
7,109,VILLAFLORES
7,110,YAJALON
7,111,ZINACANTAN
7,99,LA TRINITARIA
7,93,TECPATAN
7,87,SUCHIAPA
7,75,SABANILLA
7,77,SAN CRISTOBAL DE LAS CASAS
12,42,MALINALTEPEC
12,59,TELOLOAPAN
12,67,TLAPA DE COMONFORT
12,64,TLACOAPA
7,57,MOTOZINTLA
8,29,GUADALUPE Y CALVO
8,30,GUAZAPARES
14,59,LA MANZANILLA DE LA PAZ
14,10,ATEMAJAC DE BRIZUELA
14,113,VALLE DE JUAREZ
14,71,QUITUPAN
20,163,SAN JOSE AYUQUILA
8,44,MATAMOROS
8,45,MEOQUI
9,6,IZTACALCO
9,7,IZTAPALAPA
9,9,MILPA ALTA
28,5,BURGOS
15,24,CUAUTITLAN
21,187,TLAXCO
21,63,EPATLAN
21,21,ATZALA
28,40,VALLE HERMOSO
28,38,TAMPICO
28,35,SAN FERNANDO
21,129,SAN JOSE CHIAPA
21,145,SAN SALVADOR HUIXCOLOTLA
21,182,TLANEPANTLA
28,4,ANTIGUO MORELOS
9,16,MIGUEL HIDALGO
9,12,TLALPAN
9,13,XOCHIMILCO
9,4,CUAJIMALPA DE MORELOS
9,5,GUSTAVO A. MADERO
9,8,LA MAGDALENA CONTRERAS
9,10,ALVARO OBREGON
9,11,TLAHUAC
10,15,NAZAS
10,3,CONETO DE COMONFORT
10,35,TAMAZULA
10,2,CANELAS
10,33,SANTIAGO PAPASQUIARO
10,18,OCAMPO
10,10,HIDALGO
10,13,MAPIMI
10,9,GUANACEVI
17,14,MAZATEPEC
10,38,TOPIA
10,27,SAN DIMAS
10,12,LERDO
10,7,GOMEZ PALACIO
10,16,NOMBRE DE DIOS
10,4,CUENCAME
10,1,CANATLAN
10,24,PUEBLO NUEVO
10,14,MEZQUITAL
10,6,SIMON BOLIVAR
29,18,CONTLA DE JUAN CUAMATZI
30,189,TUXTILLA
11,15,GUANAJUATO
11,9,COMONFORT
11,12,CUERAMARO
12,30,EDUARDO NERI
12,22,COYUCA DE CATALAN
12,23,CUAJINICUILAPA
12,24,CUALAC
12,27,CUTZAMALA DE PINZON
12,28,CHILAPA DE ALVAREZ
12,43,MARTIR DE CUILAPAN
12,44,METLATONOC
12,49,PETATLAN
12,18,COPALA
12,19,COPALILLO
12,20,COPANATOYAC
12,21,COYUCA DE BENITEZ
12,63,TLACOACHISTLAHUACA
12,65,TLALCHAPA
12,66,TLALIXTAQUILLA DE MALDONADO
12,68,TLAPEHUALA
12,71,XOCHIHUEHUETLAN
12,46,OLINALA
12,53,SAN LUIS ACATLAN
13,26,HUAZALINGO
13,27,HUEHUETLA
13,20,ELOXOCHITLAN
13,1,ACATLAN
13,2,ACAXOCHITLAN
13,3,ACTOPAN
13,4,AGUA BLANCA DE ITURBIDE
13,5,AJACUBA
13,6,ALFAJAYUCAN
13,7,ALMOLOYA
13,8,APAN
20,530,SANTOS REYES NOPALA
13,49,PROGRESO DE OBREGON
13,50,SAN AGUSTIN METZQUITITLAN
13,42,MOLANGO DE ESCAMILLA
13,24,HUASCA DE OCAMPO
13,25,HUAUTLA
13,45,OMITLAN DE JUAREZ
13,46,PACULA
13,48,PISAFLORES
17,15,MIACATLAN
19,13,CHINA
7,118,SANTIAGO EL PINAR
13,78,XOCHIATIPAN
13,79,XOCHICOATLAN
13,56,SANTIAGO TULANTEPEC DE LUGO GUERRERO
13,63,TEPEJI DEL RIO DE OCAMPO
13,84,ZIMAPAN
13,10,ATLAPEXCO
13,51,SAN AGUSTIN TLAXIACA
13,43,NICOLAS FLORES
13,39,MINERAL DEL MONTE
13,83,ZEMPOALA
13,40,MINERAL DE LA REFORMA
13,47,PACHUCA DE SOTO
13,80,YAHUALICA
13,72,TLANCHINOL
13,70,TLAHUILTEPA
30,193,VILLA ALDAMA
13,75,TULA DE ALLENDE
13,57,SINGUILUCAN
14,12,ATENGUILLO
14,11,ATENGO
17,5,COATLAN DEL RIO
14,40,GUACHINANGO
20,494,SANTIAGO TILLO
14,98,TLAJOMULCO DE ZUÐIGA
14,72,EL SALTO
14,99,SAN PEDRO TLAQUEPAQUE
14,45,LA HUERTA
14,22,CIHUATLAN
14,41,GUADALAJARA
15,111,VALLE DE BRAVO
15,118,ZACUALPAN
15,123,LUVIANOS
15,79,SANTO TOMAS
15,66,OTUMBA
15,13,ATIZAPAN DE ZARAGOZA
15,38,HUIXQUILUCAN
15,46,JILOTEPEC
15,58,NAUCALPAN DE JUAREZ
15,67,OTZOLOAPAN
15,37,HUEYPOXTLA
15,60,NEZAHUALCOYOTL
15,94,TEPETLAOXTOC
15,120,ZUMPAHUACAN
15,41,IXTAPAN DE LA SAL
15,53,MALINALCO
15,105,TLALNEPANTLA DE BAZ
15,83,TEJUPILCO
15,106,TLATLAYA
30,19,AQUILA
15,112,VILLA DE ALLENDE
15,103,TIMILPAN
19,39,MONTEMORELOS
15,49,JOCOTITLAN
15,43,IXTLAHUACA
15,91,TENANGO DEL VALLE
15,102,TIANGUISTENCO
15,26,CHALCO
15,86,TEMASCALCINGO
15,29,CHIAUTLA
15,57,MORELOS
15,124,SAN JOSE DEL RINCON
15,115,VILLA VICTORIA
15,113,VILLA DEL CARBON
15,34,ECATEPEC DE MORELOS
15,96,TEPOTZOTLAN
15,5,ALMOLOYA DE JUAREZ
15,114,VILLA GUERRERO
15,18,CALIMAYA
22,11,PEDRO ESCOBEDO
20,152,SAN ILDEFONSO SOLA
20,536,VILLA SOLA DE VEGA
20,82,SAN AGUSTIN LOXICHA
20,366,SANTA CATARINA LOXICHA
20,344,SAN SEBASTIAN RIO HONDO
20,92,SAN ANDRES PAXTLAN
20,469,SANTIAGO JOCOTEPEC
20,158,SAN JERONIMO SOSOLA
20,140,SAN FRANCISCO IXHUATAN
20,488,SANTIAGO TENANGO
22,17,TEQUISQUIAPAN
23,11,PUERTO MORELOS
20,350,SAN VICENTE COATLAN
20,187,CHIQUIHUITLAN DE BENITO JUAREZ
24,2,ALAQUINES
20,3,ANIMAS TRUJANO
20,376,SANTA CRUZ AMILPAS
20,489,SANTIAGO TEPETLAPA
16,113,ZITACUARO
16,78,SAN LUCAS
16,30,ECUANDUREO
16,2,AGUILILLA
16,111,ZINAPECUARO
16,109,ZAMORA
16,55,MORELOS
16,27,CHUCANDIRO
16,36,HUANDACAREO
16,81,SENGUIO
16,12,BUENAVISTA
16,6,APATZINGAN
17,9,HUITZILAC
24,45,VENADO
24,34,SANTO DOMINGO
24,25,SALINAS
24,51,VILLA DE REYES
24,56,ZARAGOZA
24,5,CARDENAS
24,7,CEDRAL
24,44,VANEGAS
24,6,CATORCE
24,57,EL NARANJO
24,10,CIUDAD DEL MAIZ
20,298,SAN PEDRO AMUZGOS
20,238,SAN MARTIN DE LOS CANSECOS
21,72,HUAUCHINANGO
21,19,ATLIXCO
20,277,SAN MIGUEL SUCHIXTEPEC
20,403,VILLA DE CHILAPA DE DIAZ
20,438,SANTA MARIA TLAHUITOLTEPEC
20,138,SAN FRANCISCO DEL MAR
20,263,SAN MIGUEL CHIMALAPA
20,509,SANTO DOMINGO INGENIO
20,43,HEROICA CIUDAD DE JUCHITAN DE ZARAGOZA
20,413,SANTA MARIA GUIENAGATI
20,64,NEJAPA DE MADERO
20,156,SAN JERONIMO COATLAN
20,378,SANTA CRUZ ITUNDUJIA
20,417,SANTA MARIA IXCATLAN
20,471,SANTIAGO LACHIGUIRI
20,35,GUEVEA DE HUMBOLDT
20,406,SANTA MARIA COLOTEPEC
20,478,SANTIAGO MINAS
20,179,SAN JUAN BAUTISTA SUCHITEPEC
20,432,SANTA MARIA TECOMAVACA
20,467,SANTIAGO IXTAYUTLA
20,394,SANTA LUCIA MONTEVERDE
20,490,SANTIAGO TETEPEC
20,542,TATALTEPEC DE VALDES
20,501,SANTIAGO YOSONDUA
20,203,SAN JUAN LACHAO
20,328,SAN PEDRO TEUTILA
20,316,SAN PEDRO MIXTEPEC
20,382,SANTA CRUZ TACACHE DE MINA
20,153,SAN ILDEFONSO VILLA ALTA
20,506,SANTO DOMINGO ARMENTA
20,304,SAN PEDRO EL ALTO
20,251,SAN MATEO PIÐAS
20,51,MAGDALENA TEQUISISTLAN
20,365,SANTA CATARINA LACHATAO
20,363,SANTA CATARINA IXTEPEJI
20,487,SANTIAGO TAPEXTLA
20,24,COSOLAPA
20,539,VILLA DE TAMAZULAPAM DEL PROGRESO
20,517,SANTO DOMINGO TEPUXTEPEC
20,436,SANTA MARIA TEPANTLALI
20,41,CIUDAD IXTEPEC
20,4,ASUNCION CACALOTEPEC
20,201,SAN JUAN JUQUILA MIXES
20,231,SAN LUCAS CAMOTLAN
20,180,SAN JUAN BAUTISTA TLACHICHILCO
20,108,SAN ANTONIO TEPETLAPA
20,342,SAN SEBASTIAN IXCAPA
20,475,SANTIAGO LLANO GRANDE
20,271,SAN MIGUEL PANIXTLAHUACA
20,213,SAN JUAN QUIAHIJE
20,79,SAN AGUSTIN CHAYUCO
20,486,SANTIAGO TAMAZOLA
20,479,SANTIAGO NACALTEPEC
20,22,CONCEPCION PAPALO
20,416,SANTA MARIA IPALAPA
20,554,TOTONTEPEC VILLA DE MORELOS
20,564,YOGANA
20,460,SANTIAGO CHOAPAM
20,166,SAN JOSE ESTANCIA GRANDE
20,96,SAN ANDRES TEPETLAPA
20,549,H VILLA TEZOATLAN SEGURA Y LUNA CUNA IND OAX
20,333,SAN PEDRO Y SAN PABLO AYUTLA
20,220,SAN JUAN TEPEUXILA
20,1,ABEJONES
20,207,SAN JUAN MAZATLAN
20,192,SAN JUAN COTZOCON
20,55,MARISCALA DE JUAREZ
20,310,SAN PEDRO JICAYAN
20,260,SAN MIGUEL AMATITLAN
20,190,SAN JUAN COLORADO
20,19,COICOYAN DE LAS FLORES
20,214,SAN JUAN QUIOTEPEC
20,337,SAN PEDRO YOLOX
20,236,SAN MARCIAL OZOLOTEPEC
20,355,SANTA ANA CUAUHTEMOC
20,110,SAN BALTAZAR LOXICHA
20,327,SAN PEDRO TEOZACOALCO
20,134,SAN FRANCISCO CAHUACUA
20,210,SAN JUAN ÐUMI
20,515,SANTO DOMINGO TEHUANTEPEC
20,561,VILLA DIAZ ORDAZ
20,105,SAN ANTONIO HUITEPEC
20,334,SAN PEDRO Y SAN PABLO TEPOSCOLULA
20,296,SAN PABLO VILLA DE MITLA
20,7,ASUNCION NOCHIXTLAN
20,550,TLACOLULA DE MATAMOROS
20,28,HEROICA CIUDAD DE EJUTLA DE CRESPO
20,537,SOLEDAD ETLA
20,570,ZIMATLAN DE ALVAREZ
20,468,SANTIAGO JAMILTEPEC
20,174,SAN JUAN BAUTISTA COIXTLAHUACA
20,411,SANTA MARIA ECATEPEC
20,484,SANTIAGO PINOTEPA NACIONAL
20,511,SANTO DOMINGO NUXAA
20,217,SAN JUAN TAMAZOLA
20,429,SANTA MARIA QUIEGOLANI
20,273,SAN MIGUEL PIEDRAS
30,1,ACAJETE
20,123,SAN CRISTOBAL AMATLAN
20,252,SAN MATEO RIO HONDO
20,414,SANTA MARIA HUATULCO
20,6,ASUNCION IXTALTEPEC
20,14,CANDELARIA LOXICHA
21,68,GUADALUPE VICTORIA
21,50,CHICONCUAUTLA
20,177,SAN JUAN BAUTISTA JAYACATLAN
20,175,SAN JUAN BAUTISTA CUICATLAN
21,62,ELOXOCHITLAN
21,41,CUAUTINCHAN
21,33,COHETZALA
21,15,AMOZOC
21,74,HUEHUETLAN EL CHICO
21,110,PAHUATLAN
21,198,XICOTLAN
21,59,CHILCHOTLA
21,14,AMIXTLAN
20,90,SAN ANDRES LAGUNAS
21,23,ATZITZINTLA
21,29,CAÐADA MORELOS
21,46,CHALCHICOMULA DE SESMA
21,47,CHAPULCO
21,64,ESPERANZA
21,177,SAN SEBASTIAN TLACOTEPEC
21,96,LIBRES
21,195,VICENTE GUERRERO
21,113,PETLALCINGO
22,2,ARROYO SECO
22,5,CORREGIDORA
21,49,CHIAUTZINGO
21,133,SAN MARTIN TEXMELUCAN
20,146,SAN FRANCISCO SOLA
20,470,SANTIAGO JUXTLAHUACA
20,446,SANTA MARIA YOSOYUA
20,208,SAN JUAN MIXTEPEC
20,553,HEROICA CIUDAD DE TLAXIACO
20,496,SANTIAGO XANICA
20,131,SAN FELIPE JALAPA DE DIAZ
20,516,SANTO DOMINGO TEOJOMULCO
20,569,ZAPOTITLAN PALMAS
20,188,SAN JUAN CIENEGUILLA
20,21,CONCEPCION BUENAVISTA
20,265,SAN MIGUEL DEL PUERTO
20,476,SANTIAGO MATATLAN
20,18,COATECAS ALTAS
20,428,SANTA MARIA PEÐOLES
20,548,TEPELMEME VILLA DE MORELOS
26,30,NOGALES
14,55,LAGOS DE MORENO
15,1,ACAMBAY DE RUIZ CASTAÐEDA
15,3,ACULCO
15,4,ALMOLOYA DE ALQUISIRAS
15,8,AMATEPEC
16,92,TING?INDIN
19,45,SABINAS HIDALGO
19,22,GRAL. TERAN
20,332,VILLA DE TUTUTEPEC
21,92,JUAN C. BONILLA
24,37,TAMAZUNCHALE
24,23,RAYON
24,19,LAGUNILLAS
24,32,SANTA CATARINA
21,34,COHUECAN
21,164,TEPEMAXALCO
21,91,JOPALA
15,81,SULTEPEC
15,125,TONANITLA
30,97,LANDERO Y COSS
24,42,TANQUIAN DE ESCOBEDO
26,69,YECORA
26,68,ROSARIO
26,67,QUIRIEGO
15,110,TULTITLAN
15,27,CHAPA DE MOTA
15,70,PAPALOTLA
24,18,HUEHUETLAN
30,199,ZARAGOZA
16,20,CUITZEO
16,22,CHARO
21,168,TEPEXI DE RODRIGUEZ
21,26,CALPAN
21,141,SAN PEDRO CHOLULA
21,60,CHINANTLA
21,27,CALTEPEC
21,85,IXTACAMAXTITLAN
21,208,ZACATLAN
16,79,SANTA ANA MAYA
16,53,MARCOS CASTELLANOS
16,56,MUGICA
16,24,CHERAN
16,25,CHILCHOTA
16,26,CHINICUILA
16,80,SALVADOR ESCALANTE
16,82,SUSUPUATO
16,83,TACAMBARO
16,84,TANCITARO
16,85,TANGAMANDAPIO
16,86,TANGANCICUARO
21,39,CUAPIAXTLA DE MADERO
22,14,QUERETARO
28,15,GUSTAVO DIAZ ORDAZ
28,16,HIDALGO
28,37,SOTO LA MARINA
22,16,SAN JUAN DEL RIO
22,9,LANDA DE MATAMOROS
22,8,JALPAN DE SERRA
22,18,TOLIMAN
22,12,PEÐAMILLER
23,8,SOLIDARIDAD
23,9,TULUM
23,5,JOSE MARIA MORELOS
27,12,MACUSPANA
27,16,TEAPA
28,8,CASAS
24,39,TAMPAMOLON CORONA
29,30,TERRENATE
29,31,TETLA DE LA SOLIDARIDAD
24,9,CERRO DE SAN PEDRO
29,28,TEOLOCHOLCO
24,26,SAN ANTONIO
24,46,VILLA DE ARISTA
30,164,TEPATLAXCO
24,14,COXCATLAN
30,3,ACAYUCAN
30,202,ZONTECOMATLAN
30,67,EMILIANO ZAPATA
30,155,TANTIMA
30,173,TIERRA BLANCA
30,22,ATOYAC
30,142,SAN ANDRES TUXTLA
30,127,PASO DE OVEJAS
30,15,NARANJOS AMATLAN
24,47,VILLA DE ARRIAGA
30,115,NAUTLA
30,116,NOGALES
24,17,GUADALCAZAR
30,122,OZULUAMA
30,123,PAJAPAN
30,124,PANUCO
30,126,PASO DEL MACHO
30,128,LA PERLA
31,84,TEMAX
24,49,VILLA DE LA PAZ
24,16,EBANO
30,55,CUITLAHUAC
30,56,CHACALTIANGUIS
30,26,AYAHUALULCO
30,27,BANDERILLA
30,28,BENITO JUAREZ
30,29,BOCA DEL RIO
30,30,CALCAHUALCO
30,57,CHALMA
30,58,CHICONAMEL
24,48,VILLA DE GUADALUPE
31,62,SACALUM
27,10,JALPA DE MENDEZ
32,48,TLALTENANGO DE SANCHEZ ROMAN
6,2,COMALA
6,10,TECOMAN
24,30,SAN NICOLAS TOLENTINO
24,8,CERRITOS
24,20,MATEHUALA
32,2,APULCO
32,3,ATOLINGA
30,114,NARANJAL
20,474,SANTIAGO LAXOPA
20,492,SANTIAGO TEXTITLAN
20,211,SAN JUAN OZOLOTEPEC
20,62,NATIVIDAD
20,451,SANTIAGO AMOLTEPEC
30,169,TEXCATEPEC
30,170,TEXHUACAN
20,405,SANTA MARIA CHIMALAPA
20,390,SANTA INES YATZECHE
20,209,SAN JUAN MIXTEPEC
31,82,TELCHAC PUEBLO
20,206,SAN JUAN LALANA
20,261,SAN MIGUEL AMATLAN
20,85,SAN ANDRES CABECERA NUEVA
20,442,SANTA MARIA XADANI
20,323,SAN PEDRO QUIATONI
20,307,SAN PEDRO IXCATLAN
20,173,SAN JUAN BAUTISTA ATATLAHUCA
20,466,SANTIAGO IXCUINTEPEC
20,67,OCOTLAN DE MORELOS
20,348,SAN SIMON ALMOLONGAS
20,499,SANTIAGO YAVEO
20,448,SANTA MARIA ZACATEPEC
31,87,TETIZ
31,11,CELESTUN
31,100,UCU
30,99,MAGDALENA
20,164,SAN JOSE CHILTEPEC
20,182,SAN JUAN BAUTISTA TUXTEPEC
20,232,SAN LUCAS OJITLAN
20,66,OAXACA DE JUAREZ
26,31,OQUITOA
31,74,TAHMEK
20,325,SAN PEDRO TAPANATEPEC
20,418,SANTA MARIA JACATEPEC
20,534,SILACAYOAPAM
21,3,ACATLAN
21,139,SAN NICOLAS DE LOS RANCHOS
21,147,SANTA INES AHUATEMPAN
21,67,GUADALUPE
21,152,TECALI DE HERRERA
21,69,HERMENEGILDO GALEANA
21,6,AHUACATLAN
21,16,AQUIXTLA
21,171,TETELA DE OCAMPO
21,200,XOCHIAPULCO
30,121,OTEAPAN
21,66,GENERAL FELIPE ANGELES
21,1,ACAJETE
21,130,SAN JOSE MIAHUATLAN
21,4,ACATZINGO
21,179,TLACHICHUCA
21,131,SAN JUAN ATENCO
21,116,QUECHOLAC
21,173,TEZIUTLAN
21,45,CUYOACO
21,106,OCOTEPEC
21,95,LAFRAGUA
21,117,QUIMIXTLAN
21,138,SAN NICOLAS BUENOS AIRES
21,51,CHICHIQUILA
21,90,JONOTLA
21,166,TEPETZINTLA
21,124,SAN FELIPE TEPATLAN
21,8,AHUAZOTEPEC
21,184,TLAPACOYA
21,86,IXTEPEC
21,73,HUEHUETLA
21,207,ZACAPOAXTLA
21,18,ATEXCAL
21,128,SAN JERONIMO XAYACATLAN
21,196,XAYACATLAN DE BRAVO
21,144,SAN SALVADOR EL VERDE
21,201,XOCHILTEPEC
21,158,TEOPANTLAN
21,105,NOPALUCAN
21,114,PIAXTLA
21,100,MOLCAXAC
21,123,SAN FELIPE TEOTLALCINGO
21,190,TOTOLTEPEC DE GUERRERO
30,100,MALTRATA
30,101,MANLIO FABIO ALTAMIRANO
21,108,OLINTLA
21,154,TECOMATLAN
21,83,IXCAMILPA DE GUERRERO
21,135,SAN MATIAS TLALANCALECA
21,122,SAN DIEGO LA MESA TOCHIMILTZINGO
21,24,AXUTLA
21,22,ATZITZIHUACAN
21,11,ALBINO ZERTUCHE
21,107,OCOYUCAN
30,136,RAFAEL LUCIO
31,47,MANI
21,140,SAN PABLO ANICANO
31,65,SAN FELIPE
21,70,HUAQUECHULA
21,120,SAN ANDRES CHOLULA
21,115,PUEBLA
21,84,IXCAQUIXTLA
21,163,TEPEACA
21,65,FRANCISCO Z. MENA
21,197,XICOTEPEC
21,194,VENUSTIANO CARRANZA
21,111,PALMAR DE BRAVO
21,183,TLAOLA
21,94,JUAN N. MENDEZ
21,185,TLAPANALA
21,44,CUETZALAN DEL PROGRESO
21,80,HUITZILAN DE SERDAN
21,169,TEPEYAHUALCO
21,79,HUEYTLALPAN
21,191,TULCINGO
21,202,XOCHITLAN DE VICENTE SUAREZ
24,24,RIOVERDE
24,27,SAN CIRO DE ACOSTA
24,28,SAN LUIS POTOSI
21,176,TLACOTEPEC DE BENITO JUAREZ
21,203,XOCHITLAN TODOS SANTOS
21,89,JOLALPAN
23,6,LAZARO CARDENAS
24,15,CHARCAS
24,11,CIUDAD FERNANDEZ
24,4,ARMADILLO DE LOS INFANTE
24,1,AHUALULCO
24,43,TIERRA NUEVA
26,44,VILLA HIDALGO
26,25,MAGDALENA
26,64,HUATABAMPO
31,21,CHICHIMILA
31,44,KINCHIL
24,52,VILLA HIDALGO
24,38,TAMPACAN
24,31,SAN VICENTE TANCUAYALAB
26,37,SANTA CRUZ
31,42,KANTUNIL
24,29,SAN MARTIN CHALCHICUAUTLA
24,33,SANTA MARIA DEL RIO
24,35,SOLEDAD DE GRACIANO SANCHEZ
25,7,CHOIX
25,6,CULIACAN
30,141,SAN ANDRES TENEJAPAN
30,151,TAMALIN
31,10,CANTAMAYEC
29,2,APETATITLAN DE ANTONIO CARVAJAL
30,204,TRES VALLES
31,93,TIXKOKOB
32,56,ZACATECAS
32,5,CALERA
32,55,VILLANUEVA
32,4,BENITO JUAREZ
1,10,SAN FRANCISCO DE LOS ROMO
1,8,SAN JOSE DE GRACIA
1,9,TEPEZALA
30,152,TAMIAHUA
30,153,TAMPICO ALTO
30,154,TANCOCO
30,157,TATATILA
30,158,TECOLUTLA
30,159,TEHUIPANGO
30,160,TEMPOAL
30,206,AGUA DULCE
30,171,TEXISTEPEC
30,186,TONAYAN
30,187,TOTUTLA
30,188,TUXPAN
30,180,TLALIXCOYAN
30,103,MARTINEZ DE LA TORRE
30,104,MECATLAN
30,131,PLAYA VICENTE
30,13,AMATITLAN
30,14,AMATLAN DE LOS REYES
30,17,LA ANTIGUA
30,18,APAZAPAN
30,185,TOMATLAN
31,70,SUCILA
31,32,ESPITA
31,86,TEPAKAN
31,31,DZONCAUICH
31,91,TINUM
24,13,CIUDAD VALLES
30,208,CARLOS A. CARRILLO
30,209,UXPANAPA
30,210,TATAHUICAPAN DE JUAREZ
30,211,SAN RAFAEL
30,212,SANTIAGO SOCHIAPAN
31,97,TUNKAS
31,22,CHIKINDZONOT
31,58,PETO
1,11,EL LLANO
2,2,MEXICALI
2,4,TIJUANA
2,3,TECATE
3,1,COMONDU
29,51,SAN FRANCISCO TETLANOHCAN
4,8,TENABO
4,9,ESCARCEGA
4,5,HECELCHAKAN
4,6,HOPELCHEN
4,11,CALAKMUL
5,1,ABASOLO
5,5,CANDELA
5,11,GENERAL CEPEDA
5,12,GUERRERO
5,16,LAMADRID
5,26,PROGRESO
5,33,SAN PEDRO
5,6,CASTAÐOS
5,18,MONCLOVA
5,7,CUATROCIENEGAS
5,4,ARTEAGA
5,28,SABINAS
5,15,JUAREZ
5,32,SAN JUAN DE SABINAS
29,22,ACUAMANALA DE MIGUEL HIDALGO
5,22,NAVA
5,29,SACRAMENTO
5,3,ALLENDE
5,10,FRONTERA
5,37,VILLA UNION
5,21,NADADORES
5,8,ESCOBEDO
29,55,LAZARO CARDENAS
6,6,ARMERIA
6,7,IXTLAHUACAN
29,27,TENANCINGO
7,1,ACACOYAGUA
7,3,ACAPETAHUA
7,10,BEJUCAL DE OCAMPO
7,11,BELLA VISTA
7,28,CHIAPILLA
7,35,FRONTERA HIDALGO
7,36,LA GRANDEZA
7,54,MAZATAN
7,55,METAPA
7,58,NICOLAS RUIZ
7,60,OCOTEPEC
7,70,EL PORVENIR
7,72,RAYON
7,74,LAS ROSAS
7,86,SOYALO
7,92,TAPILULA
7,105,UNION JUAREZ
7,51,MAPASTEPEC
7,114,MARAVILLA TENEJAPA
7,112,ALDAMA
7,116,MONTECRISTO DE GUERRERO
7,117,SAN ANDRES DURAZNAL
7,82,SIMOJOVEL
7,90,TAPACHULA
7,97,TONALA
8,6,BACHINIVA
8,5,ASCENSION
8,23,GALEANA
8,24,SANTA ISABEL
8,25,GOMEZ FARIAS
8,26,GRAN MORELOS
24,40,TAMUIN
24,53,VILLA JUAREZ
24,41,TANLAJAS
8,28,GUADALUPE
8,43,MATACHI
8,4,AQUILES SERDAN
8,53,PRAXEDIS G. GUERRERO
8,11,CAMARGO
8,12,CARICHI
8,13,CASAS GRANDES
8,14,CORONADO
8,16,LA CRUZ
8,17,CUAUHTEMOC
8,18,CUSIHUIRIACHI
8,19,CHIHUAHUA
8,20,CHINIPAS
8,55,ROSALES
9,2,AZCAPOTZALCO
9,14,BENITO JUAREZ
9,17,VENUSTIANO CARRANZA
9,3,COYOACAN
9,15,CUAUHTEMOC
10,26,SAN BERNARDO
10,37,TLAHUALILO
10,31,SAN PEDRO DEL GALLO
16,50,LAZARO CARDENAS
16,10,ARTEAGA
16,54,MORELIA
20,407,SANTA MARIA CORTIJO
20,374,SANTA CATARINA ZAPOQUILA
21,99,MIXTLA
20,425,SANTA MARIA OZOLOTEPEC
20,317,SAN PEDRO MIXTEPEC
20,567,SAN MATEO YUCUTINDOO
20,46,MAGDALENA JALTEPEC
20,493,SANTIAGO TILANTONGO
20,71,PUTLA VILLA DE GUERRERO
20,274,SAN MIGUEL QUETZALTEPEC
20,397,SANTA MARIA ALOTEPEC
29,9,CUAXOMULCO
10,17,NUEVO IDEAL
10,25,RODEO
10,30,SAN LUIS DEL CORDERO
10,22,PEÐON BLANCO
10,28,SAN JUAN DE GUADALUPE
10,21,PANUCO DE CORONADO
10,23,POANAS
10,39,VICENTE GUERRERO
10,32,SANTA CLARA
10,8,GUADALUPE VICTORIA
10,29,SAN JUAN DEL RIO
11,27,SALAMANCA
11,17,IRAPUATO
11,6,ATARJEA
11,1,ABASOLO
11,4,APASEO EL ALTO
11,19,JERECUARO
11,2,ACAMBARO
11,29,SAN DIEGO DE LA UNION
11,13,DOCTOR MORA
11,14,DOLORES HIDALGO CUNA DE LA INDEPENDENCIA NACIONAL
11,37,SILAO DE LA VICTORIA
11,31,SAN FRANCISCO DEL RINCON
11,24,PUEBLO NUEVO
11,38,TARANDACUAO
11,46,YURIRIA
11,16,HUANIMARO
11,23,PENJAMO
11,8,MANUEL DOBLADO
11,11,CORTAZAR
11,10,CORONEO
11,35,SANTA CRUZ DE JUVENTINO ROSAS
11,44,VILLAGRAN
11,21,MOROLEON
11,41,URIANGATO
11,32,SAN JOSE ITURBIDE
11,3,SAN MIGUEL DE ALLENDE
11,22,OCAMPO
11,18,JARAL DEL PROGRESO
11,43,VICTORIA
11,45,XICHU
11,5,APASEO EL GRANDE
12,15,BUENAVISTA DE CUELLAR
12,41,LEONARDO BRAVO
12,45,MOCHITLAN
12,62,TIXTLA DE GUERRERO
12,75,ZITLALA
12,77,JOSE JOAQUIN DE HERRERA
12,79,COCHOAPA EL GRANDE
12,26,CUETZALA DEL PROGRESO
12,80,MARQUELIA
12,81,JUCHITAN
12,48,PEDRO ASCENCIO ALQUISIRAS
12,55,SAN MIGUEL TOTOLAPAN
12,56,TAXCO DE ALARCON
12,58,TECPAN DE GALEANA
12,60,TEPECOACUILCO DE TRUJANO
12,61,TETIPAC
12,31,FLORENCIO VILLARREAL
12,32,GENERAL CANUTO A. NERI
12,33,GENERAL HELIODORO CASTILLO
12,34,HUAMUXTITLAN
12,35,HUITZUCO DE LOS FIGUEROA
12,78,ILIATENCO
13,9,ATITALAQUIA
13,16,CHAPANTONGO
13,17,CHAPULHUACAN
13,18,CHILCUAUTLA
13,12,ATOTONILCO DE TULA
13,19,EL ARENAL
13,21,EMILIANO ZAPATA
13,31,JACALA DE LEDEZMA
13,32,JALTOCAN
13,41,MIXQUIAHUALA DE JUAREZ
13,44,NOPALA DE VILLAGRAN
13,61,TEPEAPULCO
13,64,TEPETITLAN
13,65,TETEPANGO
13,66,TEZONTEPEC DE ALDAMA
13,69,TLAHUELILPAN
13,77,VILLA DE TEZONTEPEC
13,71,TLANALAPA
13,73,TLAXCOAPAN
13,74,TOLCAYUCA
13,23,FRANCISCO I. MADERO
13,22,EPAZOYUCAN
13,68,TIZAYUCA
13,82,ZAPOTLAN DE JUAREZ
14,2,ACATLAN DE JUAREZ
14,76,SAN JULIAN
14,62,MEXTICACAN
14,49,JAMAY
14,89,TECOLOTLAN
14,81,SAN SEBASTIAN DEL OESTE
14,1,ACATIC
14,52,JOCOTEPEC
14,73,SAN CRISTOBAL DE LA BARRANCA
14,95,TEQUILA
14,3,AHUALULCO DE MERCADO
26,53,PUERTO PEÐASCO
26,52,PITIQUITO
29,44,ZACATELCO
14,9,EL ARENAL
14,79,SAN MARTIN HIDALGO
14,25,COCULA
14,114,VILLA CORONA
14,111,UNION DE TULA
14,39,EL GRULLO
14,107,TUXCACUESCO
14,100,TOLIMAN
14,122,ZAPOTITLAN DE VADILLO
14,24,SAN GABRIEL
26,7,BACADEHUACHI
26,49,HERMOSILLO
26,22,HUASABAS
26,54,RAYON
28,3,ALTAMIRA
14,103,TONAYA
14,56,EL LIMON
14,35,EJUTLA
23,3,FELIPE CARRILLO PUERTO
23,4,ISLA MUJERES
26,18,DIVISADEROS
26,33,SAN FELIPE DE JESUS
26,34,SAN JAVIER
28,2,ALDAMA
29,32,TETLATLAHUCA
31,3,AKIL
14,90,TECHALUTA DE MONTENEGRO
26,32,SAHUARIPA
14,4,AMACUECA
14,53,JUANACATLAN
25,2,ANGOSTURA
26,17,CUMPAS
26,16,CUCURPE
26,29,NACOZARI DE GARCIA
26,28,NACORI CHICO
26,36,SANTA ANA
26,35,SAN PEDRO DE LA CUEVA
14,46,IXTLAHUACAN DE LOS MEMBRILLOS
14,48,JALOSTOTITLAN
14,80,SAN MIGUEL EL ALTO
14,94,TEPATITLAN DE MORELOS
14,8,ARANDAS
26,1,ACONCHI
26,26,MOCTEZUMA
26,24,IMURIS
26,23,HUEPAC
26,21,HUACHINERA
26,19,FRONTERAS
14,30,CUQUIO
14,50,JESUS MARIA
14,34,DEGOLLADO
14,18,LA BARCA
14,58,SANTA MARIA DEL ORO
14,51,JILOTLAN DE LOS DOLORES
14,88,TECALITLAN
14,109,TUXPAN
14,121,ZAPOTILTIC
14,86,TAMAZULA DE GORDIANO
14,61,MAZAMITLA
14,27,CONCEPCION DE BUENOS AIRES
14,125,SAN IGNACIO CERRO GORDO
15,42,IXTAPAN DEL ORO
15,63,OCOYOACAC
15,62,NOPALTEPEC
15,12,ATIZAPAN
15,72,POLOTITLAN
15,78,SAN SIMON DE GUERRERO
29,47,SAN JUAN HUACTZINCO
15,80,SOYANIQUILPAN DE JUAREZ
15,20,COACALCO DE BERRIOZABAL
15,108,TONATICO
15,44,XALATLACO
15,36,HUEHUETOCA
15,95,TEPETLIXPA
15,97,TEQUIXQUIAC
15,39,ISIDRO FABELA
15,47,JILOTZINGO
15,117,ZACAZONAPAN
15,84,TEMAMATLA
15,122,VALLE DE CHALCO SOLIDARIDAD
15,99,TEXCALYACAC
15,92,TEOLOYUCAN
15,64,OCUILAN
15,9,AMECAMECA
15,54,MELCHOR OCAMPO
15,50,JOQUICINGO
15,7,AMANALCO
15,65,EL ORO
15,14,ATLACOMULCO
15,48,JIQUIPILCO
15,52,LERMA
15,55,METEPEC
15,77,SAN MATEO ATENCO
15,116,XONACATLAN
15,109,TULTEPEC
15,121,ZUMPANGO
15,23,COYOTEPEC
15,76,SAN MARTIN DE LAS PIRAMIDES
15,93,TEOTIHUACAN
15,31,CHICONCUAC
3,3,LA PAZ
3,5,LORETO
3,4,LOS CABOS
29,46,SANTA CRUZ QUILEHTLA
3,2,MULEGE
4,7,PALIZADA
28,25,MIGUEL ALEMAN
28,30,PADILLA
28,20,MAINERO
28,11,GOMEZ FARIAS
28,12,GONZALEZ
28,14,GUERRERO
29,16,IXTENCO
29,33,TLAXCALA
15,32,CHIMALHUACAN
15,71,LA PAZ
29,57,SAN LUCAS TECOPILCO
15,51,JUCHITEPEC
28,42,VILLAGRAN
28,34,SAN CARLOS
28,27,NUEVO LAREDO
28,28,NUEVO MORELOS
15,30,CHICOLOAPAN
15,90,TENANGO DEL AIRE
15,104,TLALMANALCO
29,53,SAN DAMIAN TEXOLOC
15,15,ATLAUTLA
15,69,OZUMBA
15,101,TEZOYUCA
15,98,TEXCALTITLAN
15,19,CAPULHUAC
15,85,TEMASCALAPA
15,82,TECAMAC
15,11,ATENCO
15,22,COCOTITLAN
15,73,RAYON
15,56,MEXICALTZINGO
15,59,NEXTLALPAN
15,17,AYAPANGO
15,74,SAN ANTONIO LA ISLA
15,35,ECATZINGO
15,6,ALMOLOYA DEL RIO
15,10,APAXCO
29,39,XALOZTOC
16,3,ALVARO OBREGON
16,4,ANGAMACUTIRO
16,5,ANGANGUEO
16,9,ARIO
29,45,SANTA APOLONIA TEACALCO
16,11,BRISEÐAS
4,10,CANDELARIA
4,4,CHAMPOTON
4,2,CALKINI
4,1,CAMPECHE
29,19,TEPETITLA DE LARDIZABAL
31,85,TEMOZON
29,50,SAN JOSE TEACALCO
29,6,CALPULALPAN
29,21,NANACAMILPA DE MARIANO ARISTA
29,34,TLAXCO
29,40,XALTOCAN
29,43,YAUHQUEMEHCAN
29,13,HUAMANTLA
29,14,HUEYOTLIPAN
29,10,CHIAUTEMPAN
31,14,CUNCUNUL
16,28,CHURINTZIO
16,32,ERONGARICUARO
29,58,SANTA ANA NOPALUCAN
29,42,XICOHTZINCO
29,5,ATLTZAYANCA
29,7,EL CARMEN TEQUEXQUITLA
29,8,CUAPIAXTLA
29,60,BENITO JUAREZ
30,88,JALACINGO
30,90,JALCOMULCO
30,91,JALTIPAN
30,92,JAMAPA
30,93,JESUS CARRANZA
30,94,JILOTEPEC
30,95,JUAN RODRIGUEZ CLARA
30,77,IGNACIO DE LA LLAVE
16,41,IRIMBO
29,56,SAN JERONIMO ZACUALPAN
16,7,APORO
16,42,IXTLAN
16,43,JACONA
16,49,LAGUNILLAS
16,57,NAHUATZEN
16,62,OCAMPO
16,23,CHAVINDA
16,63,PAJACUARAN
16,64,PANINDICUARO
16,75,COJUMATLAN DE REGULES
16,87,TANHUATO
16,91,TINGAMBATO
29,59,SAN LORENZO AXOCOMANITLA
16,104,VENUSTIANO CARRANZA
16,105,VILLAMAR
16,106,VISTA HERMOSA
29,48,SANTA CATARINA AYOMETLA
16,107,YURECUARO
16,110,ZINAPARO
29,17,MAZATECOCHCO DE JOSE MARIA MORELOS
16,112,ZIRACUARETIRO
16,77,SAHUAYO
20,292,SAN PABLO HUITZO
20,147,SAN FRANCISCO TELIXTLAHUACA
20,199,SAN JUAN GUICHICOVI
20,513,SANTO DOMINGO PETAPA
20,113,SAN BARTOLO SOYALTEPEC
29,35,TOCATLAN
31,54,MUXUPIP
31,51,MOCOCHA
16,1,ACUITZIO
16,65,PARACUARO
16,66,PARACHO
16,68,PENJAMILLO
16,96,TOCUMBO
16,97,TUMBISCATIO
16,98,TURICATO
16,99,TUXPAN
16,100,TUZANTLA
16,101,TZINTZUNTZAN
16,102,TZITZIO
16,88,TARETAN
16,89,TARIMBARO
16,90,TEPALCATEPEC
16,51,MADERO
16,44,JIMENEZ
16,45,JIQUILPAN
16,46,JOSE SIXTO VERDUZCO
17,1,AMACUZAC
31,88,TEYA
20,237,SAN MARCOS ARTEAGA
20,42,IXTLAN DE JUAREZ
20,404,SANTA MARIA CHILCHOTLA
20,461,SANTIAGO COMALTEPEC
20,44,LOMA BONITA
29,49,SANTA ISABEL XILOXOXTLA
31,103,XOCCHEL
31,49,MAYAPAN
20,450,SANTA MARIA ZOQUITLAN
20,235,SAN LUIS AMATLAN
20,314,SAN PEDRO MARTIR QUIECHAPA
20,322,SAN PEDRO POCHUTLA
20,70,PLUMA HIDALGO
20,291,SAN PABLO ETLA
21,38,COYOTEPEC
21,9,AHUEHUETITLA
31,25,DZAN
31,55,OPICHEN
17,8,EMILIANO ZAPATA
20,2,ACATLAN DE PEREZ FIGUEROA
20,358,SANTA ANA TLAPACOYAN
27,15,TACOTALPA
27,2,CARDENAS
27,8,HUIMANGUILLO
27,4,CENTRO
27,11,JONUTA
27,13,NACAJUCA
27,17,TENOSIQUE
17,10,JANTETELCO
27,1,BALANCAN
27,7,EMILIANO ZAPATA
27,3,CENTLA
17,13,JONACATEPEC
28,36,SAN NICOLAS
17,17,PUENTE DE IXTLA
17,20,TEPOZTLAN
21,153,TECAMACHALCO
21,175,TILAPA
21,57,CHILA DE LA SAL
21,159,TEOTLALCO
21,71,HUATLATLAUCA
21,167,TEPEXCO
21,42,CUAUTLANCINGO
21,180,TLAHUAPAN
21,40,CUAUTEMPAN
21,162,TEPATLAXCO DE HIDALGO
21,174,TIANGUISMANALCO
21,142,SAN PEDRO YELOIXTLAHUACA
21,214,ZINACATEPEC
21,36,COXCATLAN
21,101,NAUPAN
21,213,ZIHUATEUTLA
21,77,HUEYAPAN
21,55,CHIGNAUTLA
21,186,TLATLAUQUITEPEC
21,204,YAONAHUAC
21,161,TEPANGO DE RODRIGUEZ
31,73,TAHDZIU
17,26,TLAYACAPAN
21,5,ACTEOPAN
21,112,PANTEPEC
21,76,HUEJOTZINGO
21,149,SANTIAGO MIAHUATLAN
21,2,ACATENO
17,28,XOCHITEPEC
31,99,UAYMA
17,32,ZACUALPAN DE AMILPAS
17,16,OCUITUCO
21,25,AYOTOXCO DE GUERRERO
30,167,TEQUILA
30,168,JOSE AZUETA
30,149,SOLEDAD DE DOBLADO
30,150,SOTEAPAN
21,193,TZICATLACOYAN
21,160,TEPANCO DE LOPEZ
21,52,CHIETLA
21,88,JALPAN
21,87,IZUCAR DE MATAMOROS
21,178,TLACUILOTEPEC
23,7,OTHON P. BLANCO
28,10,CRUILLAS
30,166,TEPETZINTLA
28,17,JAUMAVE
31,8,CALOTMUL
17,19,TEPALCINGO
17,2,ATLATLAHUCAN
17,31,ZACATEPEC
17,27,TOTOLAPAN
17,33,TEMOAC
17,12,JOJUTLA
17,25,TLAQUILTENANGO
17,29,YAUTEPEC
17,30,YECAPIXTLA
17,11,JIUTEPEC
17,7,CUERNAVACA
19,1,ABASOLO
19,4,ALLENDE
19,10,CARMEN
19,12,CIENEGA DE FLORES
19,18,GARCIA
19,19,SAN PEDRO GARZA GARCIA
19,25,GRAL. ZUAZUA
19,28,HIDALGO
19,36,MELCHOR OCAMPO
19,37,MIER Y NORIEGA
19,47,SAN NICOLAS DE LOS GARZA
19,8,BUSTAMANTE
19,32,JUAREZ
19,42,PESQUERIA
19,6,APODACA
19,21,GRAL. ESCOBEDO
19,48,SANTA CATARINA
19,49,SANTIAGO
19,50,VALLECILLO
19,51,VILLALDAMA
19,38,MINA
19,29,HIGUERAS
19,30,HUALAHUISES
19,31,ITURBIDE
19,33,LAMPAZOS DE NARANJO
19,34,LINARES
19,35,MARIN
19,26,GUADALUPE
19,27,LOS HERRERAS
19,11,CERRALVO
19,5,ANAHUAC
19,7,ARAMBERRI
19,9,CADEREYTA JIMENEZ
19,46,SALINAS VICTORIA
19,2,AGUALEGUAS
19,3,LOS ALDAMAS
19,14,DR. ARROYO
19,15,DR. COSS
19,16,DR. GONZALEZ
20,522,SANTO DOMINGO XAGACIA
20,185,SAN JUAN CHICOMEZUCHIL
20,297,SAN PABLO YAGANIZA
24,54,AXTLA DE TERRAZAS
28,24,MIER
31,60,QUINTANA ROO
31,12,CENOTILLO
20,60,MIXISTLAN DE LA REFORMA
20,485,SANTIAGO SUCHILQUITONGO
28,29,OCAMPO
20,557,UNION HIDALGO
20,401,SANTA MARIA CAMOTLAN
20,336,SAN PEDRO YANERI
20,198,SAN JUAN GUELAVIA
20,381,SANTA CRUZ PAPALUTLA
20,545,TEOTITLAN DE FLORES MAGON
20,541,TANETZE DE ZARAGOZA
20,266,SAN MIGUEL DEL RIO
20,244,SAN MARTIN TOXPALAN
20,420,SANTA MARIA JALTIANGUIS
20,230,SAN LORENZO VICTORIA
20,195,SAN JUAN DEL RIO
20,89,SAN ANDRES IXTLAHUACA
20,321,SAN PEDRO OCOTEPEC
20,346,SAN SEBASTIAN TEITIPAC
20,514,SANTO DOMINGO ROAYAGA
20,340,SAN SEBASTIAN ABASOLO
20,178,SAN JUAN BAUTISTA LO DE SOTO
20,341,SAN SEBASTIAN COATLAN
20,433,SANTA MARIA TEMAXCALAPA
20,408,SANTA MARIA COYOTEPEC
20,289,SAN PABLO COATLAN
20,115,SAN BARTOLOME AYAUTLA
20,426,SANTA MARIA PAPALO
20,129,SAN DIONISIO OCOTLAN
20,243,SAN MARTIN TILCAJETE
20,353,SANTA ANA
20,385,SANTA CRUZ XITLA
26,41,TEPACHE
26,39,SOYOPA
20,223,SAN JUAN YATZONA
20,84,SAN AGUSTIN YATARENI
26,43,TUBUTAMA
26,42,TRINCHERAS
26,15,CANANEA
26,14,BENJAMIN HILL
26,40,SUAQUI GRANDE
26,66,ONAVAS
26,72,SAN IGNACIO RIO MUERTO
26,71,BENITO JUAREZ
26,51,OPODEPE
26,48,LA COLORADA
26,47,CARBO
26,46,CABORCA
26,45,VILLA PESQUEIRA
31,71,SUDZAL
31,40,IZAMAL
20,212,SAN JUAN PETLAPA
20,87,SAN ANDRES HUAXPALTEPEC
20,104,SAN ANTONIO DE LA CAL
20,347,SAN SEBASTIAN TUTLA
20,45,MAGDALENA APASCO
20,225,SAN LORENZO
20,527,SANTO TOMAS MAZALTEPEC
20,11,AYOTZINTEPEC
20,132,SAN FELIPE TEJALAPAM
20,100,SAN ANTONINO CASTILLO VELASCO
20,568,ZAPOTITLAN LAGUNAS
20,502,SANTIAGO YUCUYACHI
20,258,SAN MIGUEL AHUEHUETITLAN
20,249,SAN MATEO NEJAPAM
20,149,SAN FRANCISCO TLAPANCINGO
31,29,DZILAM GONZALEZ
20,13,CALIHUALA
20,74,REYES ETLA
20,56,MARTIRES DE TACUBAYA
20,345,SAN SEBASTIAN TECOMAXTLAHUACA
20,367,SANTA CATARINA MECHOACAN
20,69,PINOTEPA DE DON LUIS
20,120,SAN BERNARDO MIXTEPEC
20,560,VILLA DE ETLA
20,533,SANTOS REYES YUCUNA
20,117,SAN BARTOLOME QUIALANA
20,300,SAN PEDRO ATOYAC
20,33,GUADALUPE ETLA
20,162,SAN JORGE NUCHITA
20,63,NAZARENO ETLA
20,99,SAN ANDRES ZAUTLA
20,283,SAN MIGUEL TLACAMAMA
20,172,SAN JUAN ATEPEC
20,455,SANTIAGO ATITLAN
20,245,SAN MARTIN ZACATEPEC
20,171,SAN JUAN ACHIUTLA
20,112,SAN BARTOLO COYOTEPEC
20,531,SANTOS REYES PAPALO
20,80,SAN AGUSTIN DE LAS JUNTAS
20,197,SAN JUAN EVANGELISTA ANALCO
20,88,SAN ANDRES HUAYAPAM
20,526,SANTO TOMAS JALIEZA
20,259,SAN MIGUEL ALOAPAM
20,359,SANTA ANA YARENI
20,176,SAN JUAN BAUTISTA GUELACHE
20,546,TEOTITLAN DEL VALLE
20,128,SAN DIONISIO OCOTEPEC
20,183,SAN JUAN BAUTISTA VALLE NACIONAL
20,302,SAN PEDRO COXCALTEPEC CANTAROS
20,503,SANTIAGO ZACATEPEC
20,559,CAPULALPAM DE MENDEZ
29,15,IXTACUIXTLA DE MARIANO MATAMOROS
31,50,MERIDA
29,3,APIZACO
29,12,ESPAÐITA
29,24,PANOTLA
29,20,SANCTORUM DE LAZARO CARDENAS
29,26,SANTA CRUZ TLAXCALA
30,41,COATZACOALCOS
30,42,COATZINTLA
30,37,CITLALTEPETL
30,38,COACOATZINTLA
30,32,CARRILLO PUERTO
30,33,CASTILLO DE TEAYO
30,61,CHINAMECA
30,62,CHINAMPA DE GOROSTIZA
30,63,LAS CHOAPAS
30,21,ATLAHUILCO
30,44,COLIPA
30,45,COMAPA
30,46,CORDOBA
30,47,COSAMALOAPAN
30,4,ACTOPAN
30,5,ACULA
30,6,ACULTZINGO
30,7,CAMARON DE TEJEDA
30,8,ALAMO TEMAPACHE
30,10,ALTO LUCERO DE GUTIERREZ BARRIOS
30,12,ALVARADO
20,497,SANTIAGO XIACUI
30,69,FILOMENO MATA
30,70,FORTIN
30,71,GUTIERREZ ZAMORA
30,72,HIDALGOTITLAN
30,73,HUATUSCO
30,74,HUAYACOCOTLA
30,75,HUEYAPAN DE OCAMPO
30,65,CHONTLA
30,49,COSCOMATEPEC
30,50,COSOLEACAQUE
30,51,COTAXTLA
30,52,COXQUIHUI
30,53,COYUTLA
30,40,COATEPEC
20,191,SAN JUAN COMALTEPEC
20,409,SANTA MARIA DEL ROSARIO
20,26,CUILAPAM DE GUERRERO
30,86,IXMATLAHUACAN
30,87,IXTACZOQUITLAN
30,78,ILAMATLAN
30,79,ISLA
30,80,IXCATEPEC
30,81,IXHUACAN DE LOS REYES
30,82,IXHUATLAN DE MADERO
30,83,IXHUATLAN DEL CAFE
30,68,ESPINAL
20,17,CIENEGA DE ZIMATLAN
20,10,AYOQUEZCO DE ALDAMA
20,155,SAN JACINTO TLACOTEPEC
20,229,SAN LORENZO TEXMELUCAN
20,362,SANTA CATARINA CUIXTLA
31,56,OXKUTZCAB
31,45,KOPOMA
20,458,SANTIAGO CAMOTLAN
20,312,SAN PEDRO JUCHATENGO
31,104,YAXCABA
20,31,FRESNILLO DE TRUJANO
20,456,SANTIAGO AYUQUILILLA
20,23,CONSTANCIA DEL ROSARIO
20,464,SANTIAGO HUAUCLILLA
20,240,SAN MARTIN ITUNYOSO
20,430,SANTA MARIA SOLA
20,270,SAN MIGUEL MIXTEPEC
20,142,SAN FRANCISCO LACHIGOLO
20,495,SANTIAGO TLAZOYALTEPEC
20,224,SAN JUAN YUCUITA
20,391,SANTA INES DE ZARAGOZA
20,402,SANTA MARIA CHACHOAPAM
20,219,SAN JUAN TEITIPAC
20,284,SAN MIGUEL TLACOTEPEC
20,78,SAN AGUSTIN ATENANGO
20,36,MESONES HIDALGO
20,86,SAN ANDRES DINICUITI
20,398,SANTA MARIA APAZCO
20,204,SAN JUAN LACHIGALLA
20,529,SANTO TOMAS TAMAZULAPAN
20,449,SANTA MARIA ZANIZA
20,40,IXPANTEPEC NIEVES
20,510,SANTO DOMINGO IXCATLAN
20,233,SAN LUCAS QUIAVINI
20,532,SANTOS REYES TEPEJILLO
20,49,MAGDALENA PEÐASCO
20,107,SAN ANTONIO SINICAHUA
20,393,SANTA LUCIA MIAHUATLAN
20,280,SAN MIGUEL TENANGO
20,380,SANTA CRUZ NUNDACO
20,528,SANTO TOMAS OCOTEPEC
20,520,SANTO DOMINGO TONALA
20,101,SAN ANTONINO EL ALTO
20,305,SAN PEDRO HUAMELULA
20,500,SANTIAGO YOLOMECATL
20,239,SAN MARTIN HUAMELULPAM
20,343,SAN SEBASTIAN NICANANDUTA
20,523,SANTO DOMINGO YANHUITLAN
20,102,SAN ANTONINO MONTE VERDE
20,482,SANTIAGO NUNDICHE
20,91,SAN ANDRES NUXIÐO
20,565,YUTANDUCHI DE GUERRERO
30,132,POZA RICA DE HIDALGO
30,133,PUEBLO VIEJO
30,134,PUENTE NACIONAL
30,135,RAFAEL DELGADO
30,109,MINATITLAN
30,110,MISANTLA
30,111,MIXTLA DE ALTAMIRANO
30,113,NAOLINCO
20,253,SAN MATEO SINDIHUI
30,146,SOCONUSCO
30,147,SOCHIAPA
30,148,SOLEDAD ATZOMPA
30,140,SALTABARRANCA
30,137,LAS VIGAS DE RAMIREZ
30,138,LOS REYES
30,181,TLALNELHUAYOCAN
30,165,TEPETLAN
30,118,OMEALCA
30,130,PLATON SANCHEZ
24,50,VILLA DE RAMOS
24,36,TAMASOPO
30,190,URSULO GALVAN
30,191,VEGA DE ALATORRE
30,192,VERACRUZ
30,143,SAN JUAN EVANGELISTA
30,145,SAYULA DE ALEMAN
24,12,TANCANHUITZ
30,207,EL HIGO
30,194,XICO
30,195,XOXOCOTLA
30,196,YANGA
20,281,SAN MIGUEL TEQUIXTEPEC
20,465,SANTIAGO IHUITLAN PLUMAS
20,315,SAN PEDRO MARTIR YUCUXACO
20,9,ASUNCION TLACOLULITA
20,159,SAN JERONIMO TAVICHE
20,141,SAN FRANCISCO JALTEPETONGO
20,114,SAN BARTOLO YAUTEPEC
20,352,SAN VICENTE NUÐU
20,454,SANTIAGO ASTATA
20,257,SAN MIGUEL ACHIUTLA
20,53,MAGDALENA YODOCONO DE PORFIRIO DIAZ
20,326,SAN PEDRO TAVICHE
20,480,SANTIAGO NEJAPILLA
20,54,MAGDALENA ZAHUATLAN
20,248,SAN MATEO ETLATONGO
20,215,SAN JUAN SAYULTEPEC
20,93,SAN ANDRES SINAXTLA
20,77,SAN AGUSTIN AMATENGO
20,329,SAN PEDRO TIDAA
20,144,SAN FRANCISCO NUXAÐO
20,279,SAN MIGUEL TECOMATLAN
31,27,DZIDZANTUN
31,80,TEKIT
20,137,SAN FRANCISCO CHINDUA
31,36,HOMUN
31,77,TEKAL DE VENEGAS
31,39,IXIL
20,330,SAN PEDRO TOPILTEPEC
20,262,SAN MIGUEL CHICAHUA
20,269,SAN MIGUEL HUAUTLA
20,20,LA COMPAÐIA
20,169,SAN JOSE DEL PROGRESO
20,452,SANTIAGO APOALA
20,415,SANTA MARIA HUAZOLOTITLAN
20,299,SAN PEDRO APOSTOL
20,145,SAN FRANCISCO OZOLOTEPEC
20,512,SANTO DOMINGO OZOLOTEPEC
20,135,SAN FRANCISCO CAJONOS
20,538,TANICHE
20,111,SAN BALTAZAR YATZACHI EL BAJO
20,94,SAN ANDRES SOLAGA
20,443,SANTA MARIA YALINA
20,313,SAN PEDRO MARTIR
20,453,SANTIAGO APOSTOL
20,38,HUAUTEPEC
20,222,SAN JUAN YAEE
28,7,CAMARGO
20,410,SANTA MARIA DEL TULE
20,287,SAN NICOLAS
20,386,SANTA CRUZ XOXOCOTLAN
25,15,SALVADOR ALVARADO
31,81,TEKOM
32,7,CONCEPCION DEL ORO
25,12,MAZATLAN
25,11,GUASAVE
25,9,ESCUINAPA
25,8,ELOTA
25,5,COSALA
32,38,PINOS
32,10,FRESNILLO
32,20,JEREZ
32,50,VETAGRANDE
32,17,GUADALUPE
32,21,JIMENEZ DEL TEUL
32,42,SOMBRERETE
5,19,MORELOS
32,37,PANUCO
32,36,OJOCALIENTE
20,121,SAN BLAS ATEMPA
20,504,SANTIAGO ZOOCHILA
20,61,MONJAS
20,216,SAN JUAN TABAA
20,194,SAN JUAN DEL ESTADO
20,242,SAN MARTIN PERAS
20,57,MATIAS ROMERO AVENDAÐO
20,427,SANTA MARIA PETAPA
20,27,CUYAMECALCO VILLA DE ZARAGOZA
20,519,SANTO DOMINGO TOMALTEPEC
20,371,SANTA CATARINA TAYATA
20,75,ROJAS DE CUAUHTEMOC
31,57,PANABA
20,563,YAXE
31,83,TELCHAC PUERTO
30,43,COETZALA
20,331,SAN PEDRO TOTOLAPAM
20,324,SAN PEDRO SOCHIAPAM
20,167,SAN JOSE INDEPENDENCIA
20,39,HUAUTLA DE JIMENEZ
20,133,SAN FELIPE USILA
20,160,SAN JERONIMO TECOATL
8,1,AHUMADA
32,33,MOYAHUA DE ESTRADA
14,16,AYOTLAN
14,13,ATOTONILCO EL ALTO
20,193,SAN JUAN DE LOS CUES
32,30,MOMAX
32,28,MEZQUITAL DEL ORO
32,49,VALPARAISO
32,39,RIO GRANDE
20,34,GUELATAO DE JUAREZ
20,106,SAN ANTONIO NANAHUATIPAM
32,31,MONTE ESCOBEDO
32,27,MELCHOR OCAMPO
1,2,ASIENTOS
1,3,CALVILLO
1,4,COSIO
1,5,JESUS MARIA
1,6,PABELLON DE ARTEAGA
1,7,RINCON DE ROMOS
28,26,MIQUIHUANA
32,26,MAZAPIL
1,1,AGUASCALIENTES
2,1,ENSENADA
2,5,PLAYAS DE ROSARITO
5,20,MUZQUIZ
14,42,HOSTOTIPAQUILLO
14,116,VILLA HIDALGO
18,2,AHUACATLAN
18,14,SANTA MARIA DEL ORO
20,150,SAN GABRIEL MIXTEPEC
28,39,TULA
20,444,SANTA MARIA YAVESIA
7,65,PALENQUE
7,71,PUEBLO NUEVO SOLISTAHUACAN
7,76,SALTO DE AGUA
7,24,CHANAL
8,42,MANUEL BENAVIDES
8,2,ALDAMA
8,3,ALLENDE
10,20,OTAEZ
10,19,EL ORO
10,11,INDE
12,36,IGUALA DE LA INDEPENDENCIA
12,37,IGUALAPA
12,38,IXCATEOPAN DE CUAUHTEMOC
12,39,ZIHUATANEJO DE AZUETA
14,120,ZAPOPAN
14,102,TONALA
14,23,ZAPOTLAN EL GRANDE
14,38,GOMEZ FARIAS
14,83,SAYULA
14,87,TAPALPA
14,33,CHIQUILISTLAN
14,97,TIZAPAN EL ALTO
14,119,ZACOALCO DE TORRES
15,16,AXAPUSCO
15,33,DONATO GUERRA
20,124,SAN CRISTOBAL AMOLTEPEC
28,32,REYNOSA
28,33,RIO BRAVO
20,544,TEOCOCUILCO DE MARCOS PEREZ
20,65,NUEVO ZOQUIAPAM
20,462,SANTIAGO DEL RIO
20,157,SAN JERONIMO SILACAYOAPILLA
20,285,SAN MIGUEL TULANCINGO
20,375,SANTA CRUZ ACATEPEC
20,293,SAN PABLO HUIXTEPEC
20,68,LA PE
32,24,LORETO
20,294,SAN PABLO MACUILTIANGUIS
20,473,SANTIAGO LAOLLAGA
20,419,SANTA MARIA JALAPA DEL MARQUES
20,116,SAN BARTOLOME LOXICHA
20,540,TAMAZULAPAM DEL ESPIRITU SANTO
20,247,SAN MATEO DEL MAR
20,459,SANTIAGO CHAZUMBA
20,364,SANTA CATARINA JUQUILA
20,25,COSOLTEPEC
20,16,CHALCATONGO DE HIDALGO
20,335,SAN PEDRO Y SAN PABLO TEQUIXTEPEC
20,507,SANTO DOMINGO CHIHUITAN
20,12,EL BARRIO DE LA SOLEDAD
20,290,SAN PABLO CUATRO VENADOS
20,272,SAN MIGUEL PERAS
20,505,SANTO DOMINGO ALBARRADAS
20,412,SANTA MARIA GUELACE
20,250,SAN MATEO PEÐASCO
32,57,TRANCOSO
31,26,DZEMUL
16,69,PERIBAN
20,395,SANTA LUCIA OCOTLAN
20,103,SAN ANTONIO ACUTLA
20,547,TEOTONGO
20,558,VALERIO TRUJANO
31,105,YAXKUKUL
20,311,SAN PEDRO JOCOTIPAC
31,17,CHANKOM
20,136,SAN FRANCISCO CHAPULAPA
20,205,SAN JUAN LAJARCIA
20,389,SANTA INES DEL MONTE
20,254,SAN MATEO TLAPILTEPEC
20,83,SAN AGUSTIN TLACOTEPEC
20,76,SALINA CRUZ
20,422,SANTA MARIA MIXTEQUILLA
20,566,VILLA DE ZAACHILA
20,372,SANTA CATARINA TICUA
20,218,SAN JUAN TEITA
20,295,SAN PABLO TIJALTEPEC
20,52,MAGDALENA TLACOTEPEC
20,200,SAN JUAN IHUALTEPEC
20,303,SAN PEDRO COMITANCILLO
20,441,SANTA MARIA TOTOLAPILLA
20,525,SANTO DOMINGO ZANATEPEC
20,357,SANTA ANA TAVELA
20,130,SAN ESTEBAN ATATLAHUCA
20,72,REFORMA DE PINEDA
20,447,SANTA MARIA YUCUHITI
7,38,HUITIUPAN
7,96,TILA
7,4,ALTAMIRANO
7,104,TZIMOL
7,91,TAPALAPA
7,84,SOCOLTENANGO
7,85,SOLOSUCHIAPA
20,369,SANTA CATARINA QUIANE
7,2,ACALA
7,83,SITALA
20,32,GUADALUPE DE RAMIREZ
20,373,SANTA CATARINA YOSONOTU
7,8,ANGEL ALBINO CORZO
7,9,ARRIAGA
7,113,BENEMERITO DE LAS AMERICAS
7,12,BERRIOZABAL
7,16,CATAZAJA
7,23,CHAMULA
7,26,CHENALHO
7,27,CHIAPA DE CORZO
7,31,CHILON
7,14,EL BOSQUE
7,32,ESCUINTLA
7,37,HUEHUETAN
7,40,HUIXTLA
7,47,JITOTOL
7,49,LARRAINZAR
7,52,LAS MARGARITAS
7,108,VILLA CORZO
7,73,REFORMA
12,6,APAXTLA
12,52,QUECHULTENANGO
12,57,TECOANAPA
12,70,XALPATLAHUAC
12,72,XOCHISTLAHUACA
12,17,COCULA
12,29,CHILPANCINGO DE LOS BRAVO
20,483,SANTIAGO NUYOO
20,5,ASUNCION CUYOTEPEJI
20,477,SANTIAGO MILTEPEC
20,463,SANTIAGO HUAJOLOTITLAN
20,551,TLACOTEPEC PLUMAS
20,148,SAN FRANCISCO TEOPAN
20,356,SANTA ANA DEL VALLE
20,319,SAN PEDRO NOPALA
20,437,SANTA MARIA TEXCATITLAN
20,439,SANTA MARIA TLALIXTAC
20,309,SAN PEDRO JALTEPETONGO
20,434,SANTA MARIA TEMAXCALTEPEC
31,102,VALLADOLID
20,498,SANTIAGO YAITEPEC
13,38,MINERAL DEL CHICO
20,377,SANTA CRUZ DE BRAVO
13,28,HUEJUTLA DE REYES
13,52,SAN BARTOLO TUTOTEPEC
13,53,SAN FELIPE ORIZATLAN
13,54,SAN SALVADOR
13,55,SANTIAGO DE ANAYA
13,58,TASQUILLO
13,59,TECOZAUTLA
13,60,TENANGO DE DORIA
13,33,JUAREZ HIDALGO
13,34,LA MISION
13,35,LOLOTLA
13,36,METEPEC
13,37,METZTITLAN
32,52,VILLA GARCIA
20,95,SAN ANDRES TEOTILALPAM
20,228,SAN LORENZO CUAUNECUILTITLA
20,431,SANTA MARIA TATALTEPEC
20,196,SAN JUAN DIUXI
20,556,LA TRINIDAD VISTA HERMOSA
20,234,SAN LUCAS ZOQUIAPAM
20,354,SANTA ANA ATEIXTLAHUACA
20,396,SANTA MAGDALENA JICOTLAN
20,255,SAN MATEO YOLOXOCHITLAN
20,383,SANTA CRUZ TACAHUA
20,445,SANTA MARIA YOLOTEPEC
20,351,SAN VICENTE LACHIXIO
20,126,SAN CRISTOBAL SUCHIXTLAHUACA
20,543,VILLA TEJUPAM DE LA UNION
20,338,SAN PEDRO YUCUNAMA
20,189,SAN JUAN COATZOSPAM
20,221,SAN JUAN TEPOSCOLULA
20,521,SANTO DOMINGO TONALTEPEC
20,524,SANTO DOMINGO YODOHINO
20,278,VILLA TALEA DE CASTRO
20,47,MAGDALENA MIXTEPEC
20,202,SAN JUAN JUQUILA VIJANOS
20,97,SAN ANDRES YAA
4,3,CARMEN
20,256,SAN MELCHOR BETAZA
31,92,TIXCACALCUPUL
28,9,CIUDAD MADERO
31,6,BUCTZOTZ
20,562,VILLA HIDALGO
20,318,SAN PEDRO MOLINOS
20,267,SAN MIGUEL EJUTLA
20,555,TRINIDAD ZAACHILA
20,368,SANTA CATARINA MINAS
20,392,SANTA LUCIA DEL CAMINO
20,472,SANTIAGO LALOPA
20,154,SAN JACINTO AMILPAS
20,58,MAZATLAN VILLA DE FLORES
20,282,SAN MIGUEL TILQUIAPAM
31,41,KANASIN
20,170,SAN JOSE TENANGO
31,52,MOTUL
20,109,SAN BALTAZAR CHICHICAPAM
20,227,SAN LORENZO CACAOTEPEC
20,379,SANTA CRUZ MIXTEPEC
20,491,SANTIAGO TEXCALCINGO
20,388,SANTA GERTRUDIS
20,15,CHAHUITES
20,165,SAN JOSE DEL PEÐASCO
20,370,SANTA CATARINA QUIOQUITANI
20,435,SANTA MARIA TEOPOXCO
20,508,SANTO DOMINGO DE MORELOS
20,30,EL ESPINAL
20,143,SAN FRANCISCO LOGUECHE
20,440,SANTA MARIA TONAMECA
20,264,SAN MIGUEL COATLAN
20,125,SAN CRISTOBAL LACHIRIOAG
20,535,SITIO DE XITLAPEHUA
20,361,SANTA CATALINA QUIERI
31,79,TEKAX
8,52,OJINAGA
8,27,GUACHOCHI
20,400,SANTA MARIA ATZOMPA
31,33,HALACHO
20,29,ELOXOCHITLAN DE FLORES MAGON
20,268,SAN MIGUEL EL GRANDE
20,181,SAN JUAN BAUTISTA TLACOATZINTEPEC
31,1,ABALA
20,423,SANTA MARIA NATIVITAS
20,518,SANTO DOMINGO TLATAYAPAM
20,424,SANTA MARIA NDUAYACO
20,118,SAN BARTOLOME YUCUAÐE
20,360,SANTA ANA ZEGACHE
20,8,ASUNCION OCOTLAN
20,98,SAN ANDRES ZABACHE
20,241,SAN MARTIN LACHILA
20,421,SANTA MARIA LACHIXIO
20,399,SANTA MARIA LA ASUNCION
31,16,CHACSINKIN
31,98,TZUCACAB
20,384,SANTA CRUZ TAYATA
20,308,SAN PEDRO IXTLAHUACA
31,94,TIXMEHUAC
20,119,SAN BARTOLOME ZOOGOCHO
20,457,SANTIAGO CACALOXTEPEC
31,66,SANTA ELENA
20,349,SAN SIMON ZAHUATLAN
31,24,CHUMAYEL
31,46,MAMA
31,18,CHAPAB
31,67,SEYE
31,53,MUNA
8,50,NUEVO CASAS GRANDES
8,51,OCAMPO
20,288,SAN NICOLAS HIDALGO
31,34,HOCABA
31,69,SOTUTA
31,75,TEABO
20,306,SAN PEDRO HUILOTEPEC
31,23,CHOCHOLA
31,76,TECOH
31,15,CUZAMA
31,64,SANAHCAT
31,37,HUHI
31,95,TIXPEHUAL
31,2,ACANCEH
31,90,TIMUCUY
31,101,UMAN
21,170,TEPEYAHUALCO DE CUAUHTEMOC
21,172,TETELES DE AVILA CASTILLO
15,2,ACOLMAN
15,68,OTZOLOTEPEC
15,88,TEMOAYA
15,75,SAN FELIPE DEL PROGRESO
15,107,TOLUCA
15,100,TEXCOCO
15,40,IXTAPALUCA
16,18,COPANDARO
16,19,COTIJA
16,8,AQUILA
16,70,LA PIEDAD
16,72,PURUANDIRO
16,73,QUERENDARO
16,74,QUIROGA
16,14,COAHUAYANA
16,15,COALCOMAN DE VAZQUEZ PALLARES
16,16,COENEO
16,17,CONTEPEC
15,87,TEMASCALTEPEC
16,33,GABRIEL ZAMORA
16,34,HIDALGO
16,35,LA HUACANA
16,37,HUANIQUEO
16,38,HUETAMO
16,39,HUIRAMBA
16,40,INDAPARAPEO
16,29,CHURUMUCO
16,31,EPITACIO HUERTA
16,47,JUAREZ
16,48,JUNGAPEO
16,108,ZACAPU
19,17,GALEANA
28,21,EL MANTE
28,13,G?EMEZ
28,22,MATAMOROS
28,43,XICOTENCATL
30,105,MECAYAPAN
30,106,MEDELLIN DE BRAVO
18,11,RUIZ
18,10,ROSAMORADA
18,18,TUXPAN
18,20,LA YESCA
18,16,TECUALA
18,1,ACAPONETA
18,6,HUAJICORI
18,9,DEL NAYAR
18,12,SAN BLAS
18,19,XALISCO
18,17,TEPIC
18,5,COMPOSTELA
18,4,BAHIA DE BANDERAS
18,13,SAN PEDRO LAGUNILLAS
18,8,JALA
18,7,IXTLAN DEL RIO
18,3,AMATLAN DE CAÐAS
18,15,SANTIAGO IXCUINTLA
20,37,HEROICA CIUDAD DE HUAJUAPAN DE LEON
20,168,SAN JOSE LACHIGUIRI
32,29,MIGUEL AUZA
32,51,VILLA DE COS
32,15,EL PLATEADO DE JOAQUIN AMARO
32,19,JALPA
7,81,SILTEPEC
7,61,OCOZOCOAUTLA DE ESPINOSA
8,21,DELICIAS
8,22,DR. BELISARIO DOMINGUEZ
7,94,TENEJAPA
7,95,TEOPISCA
7,98,TOTOLAPA
7,101,TUXTLA CHICO
7,88,SUCHIATE
7,89,SUNUAPA
7,79,SAN JUAN CANCUC
7,80,SAN LUCAS
7,62,OSTUACAN
7,63,OSUMACINTA
7,64,OXCHUC
7,66,PANTELHO
7,67,PANTEPEC
7,68,PICHUCALCO
7,69,PIJIJIAPAN
11,25,PURISIMA DEL RINCON
11,36,SANTIAGO MARAVATIO
7,15,CACAHOATAN
7,17,CINTALAPA
7,18,COAPILLA
7,19,COMITAN DE DOMINGUEZ
7,20,LA CONCORDIA
7,21,COPAINALA
7,22,CHALCHIHUITAN
13,62,TEPEHUACAN DE GUERRERO
8,31,GUERRERO
8,32,HIDALGO DEL PARRAL
8,33,HUEJOTITAN
8,34,IGNACIO ZARAGOZA
8,35,JANOS
8,36,JIMENEZ
8,38,JULIMES
8,39,LOPEZ
8,40,MADERA
8,41,MAGUARICHI
8,54,RIVA PALACIO
11,20,LEON
11,30,SAN FELIPE
11,33,SAN LUIS DE LA PAZ
12,1,ACAPULCO DE JUAREZ
12,69,LA UNION DE ISIDORO MONTES DE OCA
12,16,COAHUAYUTLA DE JOSE MARIA IZAZAGA
12,73,ZAPOTITLAN TABLAS
12,74,ZIRANDARO
12,50,PILCAYA
12,54,SAN MARCOS
12,25,CUAUTEPEC
14,67,PIHUAMO
13,81,ZACUALTIPAN DE ANGELES
13,11,ATOTONILCO EL GRANDE
13,67,TIANGUISTENGO
14,54,JUCHITLAN
14,91,TENAMAXTLAN
14,5,AMATITAN
14,20,CABO CORRIENTES
14,70,VILLA PURIFICACION
14,44,HUEJUQUILLA EL ALTO
14,63,MEZQUITIC
14,115,VILLA GUERRERO
14,19,BOLAÐOS
14,105,TOTATICHE
14,26,COLOTLAN
14,82,SANTA MARIA DE LOS ANGELES
14,43,HUEJUCAR
14,32,CHIMALTITAN
14,78,SAN MARTIN DE BOLAÐOS
14,66,OJUELOS DE JALISCO
14,110,UNION DE SAN ANTONIO
14,36,ENCARNACION DE DIAZ
15,28,CHAPULTEPEC
15,45,JALTENCO
16,13,CARACUARO
16,52,MARAVATIO
17,6,CUAUTLA
17,4,AYALA
17,24,TLALTIZAPAN DE ZAPATA
17,22,TETELA DEL VOLCAN
17,23,TLALNEPANTLA
19,40,MONTERREY
19,41,PARAS
19,43,LOS RAMONES
19,44,RAYONES
19,20,GRAL. BRAVO
19,23,GRAL. TREVIÐO
19,24,GRAL. ZARAGOZA
20,276,SAN MIGUEL SOYALTEPEC
20,122,SAN CARLOS YAUTEPEC
20,59,MIAHUATLAN DE PORFIRIO DIAZ
20,151,SAN ILDEFONSO AMATLAN
20,339,SAN RAYMUNDO JALPAN
20,139,SAN FRANCISCO HUEHUETLAN
20,73,LA REFORMA
20,48,MAGDALENA OCOTLAN
20,275,SAN MIGUEL SANTA FLOR
20,127,SAN DIONISIO DEL MAR
20,186,SAN JUAN CHILATECA
20,226,SAN LORENZO ALBARRADAS
20,301,SAN PEDRO CAJONOS
20,286,SAN MIGUEL YOTAO
20,481,SANTIAGO NILTEPEC
20,50,MAGDALENA TEITIPAC
20,320,SAN PEDRO OCOPETATILLO
20,184,SAN JUAN CACAHUATEPEC
20,81,SAN AGUSTIN ETLA
21,155,TEHUACAN
21,157,TENAMPULCO
21,104,NICOLAS BRAVO
21,136,SAN MIGUEL IXITLAN
21,109,ORIENTAL
21,188,TOCHIMILCO
21,43,CUAYUCA DE ANDRADE
21,75,HUEHUETLAN EL GRANDE
21,206,ZACAPALA
21,48,CHIAUTLA
21,156,TEHUITZINGO
21,54,CHIGNAHUAPAN
21,212,ZAUTLA
21,192,TUZAMAPAN DE GALEANA
21,199,XIUTETELCO
21,205,YEHUALTEPEC
21,17,ATEMPAN
22,15,SAN JOAQUIN
22,13,PINAL DE AMOLES
22,6,EZEQUIEL MONTES
22,1,AMEALCO DE BONFIL
22,7,HUIMILPAN
22,4,COLON
22,3,CADEREYTA DE MONTES
22,10,EL MARQUES
23,10,BACALAR
23,1,BENITO JUAREZ
23,2,COZUMEL
24,21,MEXQUITIC DE CARMONA
24,22,MOCTEZUMA
24,55,XILITLA
24,58,MATLAPA
26,9,BACERAC
26,8,BACANORA
26,5,ARIZPE
26,4,ARIVECHI
24,3,AQUISMON
25,14,ROSARIO
25,13,MOCORITO
25,4,CONCORDIA
25,3,BADIRAGUATO
25,18,NAVOLATO
25,17,SINALOA
25,16,SAN IGNACIO
25,1,AHOME
26,65,NAVOJOA
26,63,ETCHOJOA
26,62,ALAMOS
26,61,GUAYMAS
26,60,EMPALME
26,59,CAJEME
26,58,BACUM
26,57,URES
26,56,SAN MIGUEL DE HORCASITAS
26,55,SAN LUIS RIO COLORADO
26,50,MAZATAN
30,163,TEOCELO
30,112,MOLOACAN
30,96,JUCHIQUE DE FERRER
30,156,TANTOYUCA
30,89,XALAPA
30,125,PAPANTLA
30,144,SANTIAGO TUXTLA
30,179,TLACHICHILCO
30,197,YECUATLA
30,102,MARIANO ESCOBEDO
31,43,KAUA
30,23,ATZACAN
30,24,ATZALAN
30,25,TLALTETELA
30,11,ALTOTONGA
30,182,TLAPACOYAN
30,16,ANGEL R. CABADA
30,34,CATEMACO
30,35,CAZONES DE HERRERA
30,60,CHICONTEPEC
30,84,IXHUATLAN DEL SURESTE
31,19,CHEMAX
31,30,DZITAS
32,1,APOZOL
6,9,MINATITLAN
6,4,CUAUHTEMOC
6,5,VILLA DE ALVAREZ
6,8,MANZANILLO
6,1,COLIMA
6,3,COQUIMATLAN
25,10,EL FUERTE
26,6,ATIL
26,20,GRANADOS
26,70,GENERAL PLUTARCO ELIAS CALLES
26,38,SARIC
26,27,NACO
26,13,BAVISPE
26,11,BANAMICHI
26,10,BACOACHI
26,3,ALTAR
26,2,AGUA PRIETA
26,12,BAVIACORA
27,5,COMALCALCO
27,6,CUNDUACAN
27,14,PARAISO
27,9,JALAPA
28,18,JIMENEZ
28,19,LLERA
28,23,MENDEZ
28,41,VICTORIA
28,1,ABASOLO
29,1,AMAXAC DE GUERRERO
29,4,ATLANGATEPEC
29,11,MUÐOZ DE DOMINGO ARENAS
29,52,LA MAGDALENA TLALTELULCO
29,54,EMILIANO ZAPATA
29,37,ZITLALTEPEC DE TRINIDAD SANCHEZ SANTOS
29,41,PAPALOTLA DE XICOHTENCATL
29,29,TEPEYANCO
29,23,NATIVITAS
29,25,SAN PABLO DEL MONTE
29,36,TOTOLAC
29,38,TZOMPANTEPEC
30,184,TLILAPAN
30,205,NANCHITAL DE LAZARO CARDENAS DEL RIO
30,2,ACATLAN
30,9,ALPATLAHUAC
30,20,ASTACINGA
30,31,CAMERINO Z. MENDOZA
30,36,CERRO AZUL
30,39,COAHUITLAN
30,48,COSAUTLAN DE CARVAJAL
30,54,CUICHAPA
30,64,CHOCAMAN
30,66,CHUMATLAN
30,76,HUILOAPAN DE CUAUHTEMOC
30,85,IXHUATLANCILLO
30,98,LERDO DE TEJADA
30,107,MIAHUATLAN
30,108,LAS MINAS
30,117,OLUTA
30,119,ORIZABA
30,172,TEZONAPA
30,174,TIHUATLAN
30,175,TLACOJALPAN
30,176,TLACOLULAN
30,177,TLACOTALPAN
30,178,TLACOTEPEC DE MEJIA
30,120,OTATITLAN
30,139,RIO BLANCO
30,161,TENAMPA
30,162,TENOCHTITLAN
30,183,TLAQUILPA
30,129,PEROTE
30,198,ZACUALPAN
30,200,ZENTLA
30,201,ZONGOLICA
30,203,ZOZOCOLCO DE HIDALGO
31,38,HUNUCMA
31,48,MAXCANU
31,89,TICUL
31,63,SAMAHIL
31,61,RIO LAGARTOS
31,96,TIZIMIN
31,59,PROGRESO
32,25,LUIS MOYA
32,32,MORELOS
32,6,CAÐITAS DE FELIPE PESCADOR
32,54,VILLA HIDALGO
32,53,VILLA GONZALEZ ORTEGA
32,58,SANTA MARIA DE LA PAZ
32,8,CUAUHTEMOC
32,43,SUSTICACAN
32,16,GENERAL PANFILO NATERA
32,12,GENARO CODINA
32,47,TEUL DE GONZALEZ ORTEGA
32,22,JUAN ALDAMA
32,35,NORIA DE ANGELES
32,23,JUCHIPILA
32,34,NOCHISTLAN DE MEJIA
32,40,SAIN ALTO
32,18,HUANUSCO
32,46,TEPETONGO
32,45,TEPECHITLAN
32,14,GENERAL FRANCISCO R. MURGUIA
32,44,TABASCO
32,9,CHALCHIHUITES
32,11,TRINIDAD GARCIA DE LA CADENA
